{
    "name": "greenman-shared-content",
    "title": "GreenMan's Shared Content",
    "description": "A collection of GreenMan's content.",
    "version": "1.0.0",
    "author": "Me",
    "minimumCoreVersion": "0.7.5",
    "compatibleCoreVersion": "0.7.9",
    "packs": [
        {
            "name": "shared-characters",
            "label": "Shared Characters",
            "path": "./packs/characters.db",
            "entity": "Actor"
        },
        {
            "name": "shared-monsters",
            "label": "Shared Monsters",
            "path": "./packs/monsters.db",
            "entity": "Actor"
        },
        {
            "name": "shared-backgrounds",
            "label": "Shared Backgrounds",
            "path": "./packs/backgrounds.db",
            "entity": "Item"
        },
        {
            "name": "shared-classes",
            "label": "Shared Classes",
            "path": "./packs/classes.db",
            "entity": "Item"
        },
        {
            "name": "shared-items",
            "label": "Shared Items",
            "path": "./packs/items.db",
            "entity": "Item"
        },
        {
            "name": "shared-races",
            "label": "Shared Races",
            "path": "./packs/races.db",
            "entity": "Item"
        },
        {
            "name": "shared-racial-traits",
            "label": "Shared Racial Traits",
            "path": "./packs/racial-traits.db",
            "entity": "Item"
        },
        {
            "name": "shared-spells",
            "label": "Shared Spells",
            "path": "./packs/spells.db",
            "entity": "Item"
        },
        {
            "name": "shared-feats",
            "label": "Shared Feats",
            "path": "./packs/feats.db",
            "entity": "Item"
        },
        {
            "name": "shared-scenes",
            "label": "Shared Scenes",
            "path": "./packs/scenes.db",
            "entity": "Scene"
        },
        {
            "name": "shared-journal-entries",
            "label": "Shared Journal Entries",
            "path": "./packs/journal-entries.db",
            "entity": "JournalEntry"
        },
        {
            "name": "shared-macros",
            "label": "Shared Macros",
            "path": "./packs/macros.db",
            "entity": "Macro"
        },
        {
            "name": "shared-roll-tables",
            "label": "Shared Roll Tables",
            "path": "./packs/roll-tables.db",
            "entity": "RollTable"
        },
        {
            "name": "shared-playlists",
            "label": "Shared Playlists",
            "path": "./packs/playlists.db",
            "entity": "Playlist"
        }
    ],
    "manifest": "https://raw.githubusercontent.com/GreenManSK/My-shared-content--Foundry-VTT-/master/module.json",
    "download": "https://github.com/GreenManSK/My-shared-content--Foundry-VTT-/raw/master/my-shared-content.zip"
  }
